{
  "version": 7,
  "cmakeMinimumRequired": {
    "major": 3
  },
  "configurePresets": [
    {
      "name": "debug-env",
      "displayName": "debug-env",
      "hidden": true,
      "environment": {
        "ARMGCC_DIR": "C:/NXP/MCUXpressoIDE_24.12.99_alpha/ide/tools",
        "SdkRootDirPath": "c:/repos/sdk_2_16_lpc55s59",
        "POSTPROCESS_UTILITY": "C:/Users/nxa07297/.mcuxpressotools/mcux-fixelf/mcux-fixelf.exe",
        "MCUX_VENV_PATH": "C:/Users/nxa07297/.mcuxpressotools/.venv/Scripts",
        "PATH": "$env{MCUX_VENV_PATH};$penv{PATH}"
      }
    },
    {
      "name": "release-env",
      "displayName": "release-env",
      "hidden": true,
      "environment": {
        "ARMGCC_DIR": "C:/NXP/MCUXpressoIDE_24.12.99_alpha/ide/tools",
        "SdkRootDirPath": "c:/repos/sdk_2_16_lpc55s59",
        "POSTPROCESS_UTILITY": "C:/Users/nxa07297/.mcuxpressotools/mcux-fixelf/mcux-fixelf.exe",
        "MCUX_VENV_PATH": "C:/Users/nxa07297/.mcuxpressotools/.venv/Scripts",
        "PATH": "$env{MCUX_VENV_PATH};$penv{PATH}"
      }
    }
  ],
  "buildPresets": []
}