<?xml version="1.0" encoding="UTF-8"?>
<ksdk:examples xmlns:ksdk="http://nxp.com/ksdk/2.0/ksdk_manifest_v3.0.xsd" xmlns:xsi="http://www.w3.org/2001/XMLSchema-instance" xsi:schemaLocation="http://nxp.com/ksdk/2.0/ksdk_manifest_v3.0.xsd manifest.xsd">
  <externalDefinitions>
    <definition extID="cm33_core1_LPC55S69"/>
    <definition extID="middleware.multicore.mcmgr.lpc55s69.LPC55S69"/>
    <definition extID="utility.debug_console_lite.LPC55S69"/>
    <definition extID="platform.utilities.assert_lite.LPC55S69"/>
    <definition extID="platform.drivers.lpc_gpio.LPC55S69"/>
    <definition extID="middleware.multicore.mcmgr.LPC55S69"/>
    <definition extID="platform.drivers.lpc_iocon.LPC55S69"/>
    <definition extID="platform.drivers.common.LPC55S69"/>
    <definition extID="platform.drivers.clock.LPC55S69"/>
    <definition extID="platform.drivers.power.LPC55S69"/>
    <definition extID="platform.drivers.reset.LPC55S69"/>
    <definition extID="platform.devices.LPC55S69_CMSIS.LPC55S69"/>
    <definition extID="platform.devices.LPC55S69_startup.LPC55S69"/>
    <definition extID="platform.drivers.flexcomm_usart.LPC55S69"/>
    <definition extID="platform.drivers.flexcomm.LPC55S69"/>
    <definition extID="component.usart_adapter.LPC55S69"/>
    <definition extID="component.lists.LPC55S69"/>
    <definition extID="platform.utilities.misc_utilities.LPC55S69"/>
    <definition extID="platform.drivers.mailbox.LPC55S69"/>
    <definition extID="utility.str.LPC55S69"/>
    <definition extID="CMSIS_Include_core_cm.LPC55S69"/>
    <definition extID="platform.devices.LPC55S69_system.LPC55S69"/>
    <definition extID="iar"/>
    <definition extID="mdk"/>
    <definition extID="armgcc"/>
    <definition extID="mcuxpresso"/>
    <definition extID="com.nxp.mcuxpresso"/>
  </externalDefinitions>
  <example id="lpcxpresso55s69_hello_world_cm33_core1" name="hello_world_cm33_core1" device_core="cm33_core1_LPC55S69" dependency="middleware.multicore.mcmgr.lpc55s69.LPC55S69 utility.debug_console_lite.LPC55S69 platform.utilities.assert_lite.LPC55S69 platform.drivers.lpc_gpio.LPC55S69 middleware.multicore.mcmgr.LPC55S69 platform.drivers.lpc_iocon.LPC55S69 platform.drivers.common.LPC55S69 platform.drivers.clock.LPC55S69 platform.drivers.power.LPC55S69 platform.drivers.reset.LPC55S69 platform.devices.LPC55S69_CMSIS.LPC55S69 platform.devices.LPC55S69_startup.LPC55S69 platform.drivers.flexcomm_usart.LPC55S69 platform.drivers.flexcomm.LPC55S69 component.usart_adapter.LPC55S69 component.lists.LPC55S69 platform.utilities.misc_utilities.LPC55S69 platform.drivers.mailbox.LPC55S69 utility.str.LPC55S69 CMSIS_Include_core_cm.LPC55S69 platform.devices.LPC55S69_system.LPC55S69" category="multicore_examples">
    <projects>
      <project type="com.crt.advproject.projecttype.exe" nature="org.eclipse.cdt.core.cnature"/>
    </projects>
    <memory>
      <memoryBlock id="Ram1_LPC55S69" name="Ram1" addr="20033000" size="00011000" type="RAM" access="RW"/>
      <memoryBlock id="rpmsg_sh_mem_LPC55S69" name="rpmsg_sh_mem" addr="20031800" size="00001800" type="RAM" access="RW"/>
    </memory>
    <toolchainSettings>
      <toolchainSetting id_refs="com.nxp.mcuxpresso">
        <option id="gnu.c.compiler.option.preprocessor.def.symbols" type="stringList">
          <value>CPU_LPC55S69JBD100_cm33_core1</value>
          <value>MCMGR_HANDLE_EXCEPTIONS=1</value>
          <value>__SEMIHOST_HARDFAULT_DISABLE=1</value>
          <value>MCUXPRESSO_SDK</value>
          <value>MULTICORE_APP=1</value>
        </option>
        <option id="com.crt.advproject.link.gcc.multicore.slave" type="string">
          <value>M33SLAVE</value>
        </option>
        <option id="com.crt.advproject.gas.fpu" type="enum">
          <value>com.crt.advproject.gas.fpu.none</value>
        </option>
        <option id="gnu.c.compiler.option.optimization.flags" type="string">
          <value>-fno-common</value>
        </option>
        <option id="com.crt.advproject.c.misc.dialect" type="enum">
          <value>com.crt.advproject.misc.dialect.gnu99</value>
        </option>
        <option id="com.crt.advproject.gcc.fpu" type="enum">
          <value>com.crt.advproject.gcc.fpu.none</value>
        </option>
        <option id="gnu.c.compiler.option.misc.other" type="string">
          <value>-mcpu=cortex-m33+nodsp -c -ffunction-sections -fdata-sections -fno-builtin</value>
        </option>
        <option id="gnu.c.compiler.option.warnings.allwarn" type="boolean">
          <value>false</value>
        </option>
        <option id="gnu.c.compiler.option.warnings.toerrors" type="boolean">
          <value>false</value>
        </option>
        <option id="gnu.c.link.option.nostdlibs" type="boolean">
          <value>true</value>
        </option>
        <option id="gnu.c.link.option.other" type="stringList">
          <value>-no-warn-rwx-segments</value>
        </option>
        <option id="com.crt.advproject.link.fpu" type="enum">
          <value>com.crt.advproject.link.fpu.none</value>
        </option>
      </toolchainSetting>
    </toolchainSettings>
    <include_paths>
      <include_path path="." project_relative_path="board" type="c_include"/>
      <include_path path="." project_relative_path="lpcxpresso55s69/multicore_examples/hello_world/cm33_core1" type="c_include"/>
    </include_paths>
    <source path="iar" project_relative_path="./" type="workspace" toolchain="iar">
      <files mask="hello_world_cm33_core1.ewd"/>
      <files mask="hello_world_cm33_core1.ewp"/>
      <files mask="hello_world_cm33_core1.eww"/>
    </source>
    <source path="mdk" project_relative_path="./" type="workspace" toolchain="mdk">
      <files mask="hello_world_cm33_core1.uvprojx"/>
      <files mask="hello_world_cm33_core1.uvoptx"/>
      <files mask="debug_CM33.ini"/>
      <files mask="JLinkSettings.ini"/>
      <files mask="hello_world_cm33_core1.uvmpw"/>
    </source>
    <source path="armgcc" project_relative_path="./" type="workspace" toolchain="armgcc">
      <files mask="build_all.bat"/>
      <files mask="build_all.sh"/>
      <files mask="clean.bat"/>
      <files mask="clean.sh"/>
      <files mask="CMakeLists.txt"/>
      <files mask="flags.cmake"/>
      <files mask="config.cmake"/>
      <files mask="build_debug.bat"/>
      <files mask="build_debug.sh"/>
      <files mask="build_release.bat"/>
      <files mask="build_release.sh"/>
    </source>
    <source path="../../../../../devices/LPC55S69" project_relative_path="./" type="workspace" toolchain="armgcc">
      <files mask="all_lib_device.cmake"/>
    </source>
    <source path="." project_relative_path="source" type="src">
      <files mask="hello_world_core1.c"/>
    </source>
    <source path="." project_relative_path="board" type="src">
      <files mask="pin_mux.c"/>
    </source>
    <source path="." project_relative_path="board" type="c_include">
      <files mask="pin_mux.h"/>
    </source>
    <source path="." project_relative_path="board" type="src">
      <files mask="board.c"/>
      <files mask="clock_config.c"/>
    </source>
    <source path="." project_relative_path="board" type="c_include">
      <files mask="board.h"/>
      <files mask="clock_config.h"/>
    </source>
    <source path="." project_relative_path="doc" type="doc" toolchain="iar mdk mcuxpresso armgcc">
      <files mask="readme.md"/>
    </source>
    <source path="iar" project_relative_path="LPC55S69/iar" type="linker" toolchain="iar">
      <files mask="LPC55S69_cm33_core1_ram.icf"/>
    </source>
    <source path="mdk" project_relative_path="LPC55S69/arm" type="linker" toolchain="mdk">
      <files mask="LPC55S69_cm33_core1_ram.scf"/>
    </source>
    <source path="armgcc" project_relative_path="LPC55S69/gcc" type="linker" toolchain="armgcc">
      <files mask="LPC55S69_cm33_core1_ram.ld"/>
    </source>
  </example>
</ksdk:examples>
