{
  "version": 7,
  "cmakeMinimumRequired": {
    "major": 3
  },
  "configurePresets": [
    {
      "name": "debug-env",
      "displayName": "debug-env",
      "hidden": true,
      "environment": {
        "ZEPHYR_BASE": "c:/repos/zephyr_4.0/zephyr",
        "ZEPHYR_SDK_INSTALL_DIR": "",
        "MCUX_VENV_PATH": "C:/Users/nxa07297/.mcuxpressotools/.venv/Scripts",
        "PATH": "$env{MCUX_VENV_PATH};$penv{PATH}"
      }
    },
    {
      "name": "release-env",
      "displayName": "release-env",
      "hidden": true,
      "environment": {
        "ZEPHYR_BASE": "c:/repos/zephyr_4.0/zephyr",
        "ZEPHYR_SDK_INSTALL_DIR": "",
        "MCUX_VENV_PATH": "C:/Users/nxa07297/.mcuxpressotools/.venv/Scripts",
        "PATH": "$env{MCUX_VENV_PATH};$penv{PATH}"
      }
    }
  ],
  "buildPresets": []
}